<?xml version="1.0" encoding="UTF-8"?>
<project-private xmlns="http://www.netbeans.org/ns/project-private/1">
    <editor-bookmarks xmlns="http://www.netbeans.org/ns/editor-bookmarks/2" lastBookmarkId="0"/>
    <open-files xmlns="http://www.netbeans.org/ns/projectui-open-files/2">
        <group>
            <file>file:/C:/Users/Chinwendu%20Nweje/Documents/NetBeansProjects/biometric_attendance_system/NWEJE_Biometric/src/nweje_biometric/hod_work_page.java</file>
            <file>file:/C:/Users/Chinwendu%20Nweje/Documents/NetBeansProjects/biometric_attendance_system/NWEJE_Biometric/src/nweje_biometric/pc_capture.java</file>
            <file>file:/C:/Users/Chinwendu%20Nweje/Documents/NetBeansProjects/biometric_attendance_system/NWEJE_Biometric/src/nweje_biometric/pc_work_page.java</file>
        </group>
    </open-files>
</project-private>
